w,key
😀,grin
😉,wink
😎,cool
😍,adore
😘,kiss
🤗,hug
🤔,think
🥳,party
😴,sleep
😵,dizzy
🤓,nerd
🤡,clown
👻,ghost
🤖,robot
💩,poop
🙈,monkey
🦁,lion
🐯,tiger
🐻,bear
🐼,panda
🐸,frog
🐷,pig
🐮,cow
🐦,bird
🐟,fish
🐳,whale
🐍,snake
🦋,butterfly
🐝,bee
🌸,bloom
🌹,rose
🌳,tree
🌵,cactus
🌕,moon
✨,sparkle
☁️,cloud
🌧,rain
❄️,snow
🌈,rainbow
🌊,wave
🌍,earth
🚗,car
🚲,bike
✈️,plane
🚂,train
🚢,ship
🏠,house
📱,phone
💻,laptop
📷,camera
📚,books
🎁,gift
🎂,cake
🍵,tea
🍺,beer
🍎,apple
🍌,banana
🍇,grapes
💯,score
❗,alert
💡,bulb
🔑,keys
🔒,lock
🔔,bell
🎸,guitar
⚽,ball
🏀,hoops
🎮,play
🏆,win
👶,baby
🙏,pray
💪,strong
👋,hi
👌,okay
✌️,peace
👀,look
👂,hear
👄,lips
🦶,foot
💔,heartbreak
💤,rest
🎧,tunes
📝,memo
📌,pin
🧹,broom
🧲,magnet
⏰,alarm
🎈,balloon
🪁,kite
🧸,bear2
🪆,doll
